{"cameraMode":{"drawMode":0,"name":"Shaded","section":"Shading Mode"},"sceneLighting":false,"audioPlay":false,"sceneViewState":{"showFog":true,"showMaterialUpdate":false,"showSkybox":true,"showFlares":true,"showImageEffects":true,"showParticleSystems":true},"in2DMode":false,"pivot":{"x":0.0,"y":0.5279999375343323,"z":-1.7881393432617188e-7},"rotation":{"x":-0.3811049163341522,"y":-0.07614308595657349,"z":0.031512659043073657,"w":-0.9208518862724304},"size":2.167243719100952,"orthographic":false}