{"cameraMode":{"drawMode":0,"name":"Shaded","section":"Shading Mode"},"sceneLighting":false,"audioPlay":false,"sceneViewState":{"showFog":true,"showMaterialUpdate":false,"showSkybox":true,"showFlares":true,"showImageEffects":true,"showParticleSystems":true},"in2DMode":false,"pivot":{"x":2.5799999237060549,"y":0.9811561107635498,"z":1.5899999141693116},"rotation":{"x":-0.28593459725379946,"y":-0.07894189655780792,"z":0.023643236607313157,"w":-0.9546992778778076},"size":3.5527148246765138,"orthographic":false}