{"cameraMode":{"drawMode":0,"name":"Shaded","section":"Shading Mode"},"sceneLighting":false,"audioPlay":false,"sceneViewState":{"showFog":true,"showMaterialUpdate":false,"showSkybox":true,"showFlares":true,"showImageEffects":true,"showParticleSystems":true},"in2DMode":false,"pivot":{"x":1.229357123374939,"y":0.5628335475921631,"z":-0.18146789073944093},"rotation":{"x":-0.28593459725379946,"y":-0.07894189655780792,"z":0.023643236607313157,"w":-0.9546992778778076},"size":2.167243719100952,"orthographic":false}