{"cameraMode":{"drawMode":0,"name":"Shaded","section":"Shading Mode"},"sceneLighting":false,"audioPlay":false,"sceneViewState":{"showFog":true,"showMaterialUpdate":false,"showSkybox":true,"showFlares":true,"showImageEffects":true,"showParticleSystems":true},"in2DMode":false,"pivot":{"x":-3.7179598808288576,"y":-0.13042354583740235,"z":-1.2600603103637696},"rotation":{"x":-0.09511471539735794,"y":0.2118479609489441,"z":-0.02072088047862053,"w":-0.9724424481391907},"size":16.319095611572267,"orthographic":false}