{"cameraMode":{"drawMode":0,"name":"Shaded","section":"Shading Mode"},"sceneLighting":false,"audioPlay":false,"sceneViewState":{"showFog":true,"showMaterialUpdate":false,"showSkybox":true,"showFlares":true,"showImageEffects":true,"showParticleSystems":true},"in2DMode":false,"pivot":{"x":1.1920928955078126e-7,"y":0.500499963760376,"z":0.0494999885559082},"rotation":{"x":-0.3811049163341522,"y":-0.07614308595657349,"z":0.031512659043073657,"w":-0.9208518862724304},"size":2.1644020080566408,"orthographic":false}