{"cameraMode":{"drawMode":0,"name":"Shaded","section":"Shading Mode"},"sceneLighting":false,"audioPlay":false,"sceneViewState":{"showFog":true,"showMaterialUpdate":false,"showSkybox":true,"showFlares":true,"showImageEffects":true,"showParticleSystems":true},"in2DMode":false,"pivot":{"x":1.6757787466049195,"y":2.692042589187622,"z":0.40873169898986819},"rotation":{"x":-0.11367323994636536,"y":0.03724785894155502,"z":-0.004264750983566046,"w":-0.9928106069564819},"size":2.1287341117858888,"orthographic":false}