{"cameraMode":{"drawMode":0,"name":"Shaded","section":"Shading Mode"},"sceneLighting":false,"audioPlay":false,"sceneViewState":{"showFog":true,"showMaterialUpdate":false,"showSkybox":true,"showFlares":true,"showImageEffects":true,"showParticleSystems":true},"in2DMode":false,"pivot":{"x":0.06971466541290283,"y":1.2997770309448243,"z":0.759376049041748},"rotation":{"x":-0.23745191097259522,"y":0.06608954071998596,"z":-0.016194753348827363,"w":-0.9690131545066834},"size":11.958250045776368,"orthographic":false}