{"cameraMode":{"drawMode":0,"name":"Shaded","section":"Shading Mode"},"sceneLighting":false,"audioPlay":false,"sceneViewState":{"showFog":true,"showMaterialUpdate":false,"showSkybox":true,"showFlares":true,"showImageEffects":true,"showParticleSystems":true},"in2DMode":false,"pivot":{"x":-0.48506006598472597,"y":0.010401248931884766,"z":0.36477842926979067},"rotation":{"x":-0.7080317735671997,"y":-0.01376702543348074,"z":0.01380837056785822,"w":-0.7059113383293152},"size":2.4001073837280275,"orthographic":false}