{"cameraMode":{"drawMode":0,"name":"Shaded","section":"Shading Mode"},"sceneLighting":false,"audioPlay":false,"sceneViewState":{"showFog":true,"showMaterialUpdate":false,"showSkybox":true,"showFlares":true,"showImageEffects":true,"showParticleSystems":true},"in2DMode":false,"pivot":{"x":-4.999999523162842,"y":2.88100004196167,"z":0.5989999771118164},"rotation":{"x":-0.09511471539735794,"y":0.2118479609489441,"z":-0.02072088047862053,"w":-0.9724424481391907},"size":4.328803062438965,"orthographic":false}