{"cameraMode":{"drawMode":0,"name":"Shaded","section":"Shading Mode"},"sceneLighting":false,"audioPlay":false,"sceneViewState":{"showFog":true,"showMaterialUpdate":false,"showSkybox":true,"showFlares":true,"showImageEffects":true,"showParticleSystems":true},"in2DMode":false,"pivot":{"x":0.0,"y":0.8111560344696045,"z":-8.940696716308594e-8},"rotation":{"x":-0.28593459725379946,"y":-0.07894189655780792,"z":0.023643236607313157,"w":-0.9546992778778076},"size":3.5527143478393556,"orthographic":false}