{"cameraMode":{"drawMode":0,"name":"Shaded","section":"Shading Mode"},"sceneLighting":false,"audioPlay":false,"sceneViewState":{"showFog":true,"showMaterialUpdate":false,"showSkybox":true,"showFlares":true,"showImageEffects":true,"showParticleSystems":true},"in2DMode":false,"pivot":{"x":2.824674606323242,"y":2.34891414642334,"z":2.4800846576690676},"rotation":{"x":-0.3024969696998596,"y":-0.032875094562768939,"z":0.010440248064696789,"w":-0.9525260329246521},"size":2.6291921138763429,"orthographic":false}