{"cameraMode":{"drawMode":0,"name":"Shaded","section":"Shading Mode"},"sceneLighting":false,"audioPlay":false,"sceneViewState":{"showFog":true,"showMaterialUpdate":false,"showSkybox":true,"showFlares":true,"showImageEffects":true,"showParticleSystems":true},"in2DMode":false,"pivot":{"x":-5.0,"y":2.380499839782715,"z":0.5494999885559082},"rotation":{"x":-0.28593459725379946,"y":-0.07894189655780792,"z":0.023643236607313157,"w":-0.9546992778778076},"size":8.024675369262696,"orthographic":false}