{"cameraMode":{"drawMode":0,"name":"Shaded","section":"Shading Mode"},"sceneLighting":false,"audioPlay":false,"sceneViewState":{"showFog":true,"showMaterialUpdate":false,"showSkybox":true,"showFlares":true,"showImageEffects":true,"showParticleSystems":true},"in2DMode":false,"pivot":{"x":4.5,"y":0.10778842866420746,"z":0.49999988079071047},"rotation":{"x":-0.369163453578949,"y":-0.05849296599626541,"z":0.02328808419406414,"w":-0.9272295832633972},"size":5.718657970428467,"orthographic":false}