{"cameraMode":{"drawMode":0,"name":"Shaded","section":"Shading Mode"},"sceneLighting":false,"audioPlay":false,"sceneViewState":{"showFog":true,"showMaterialUpdate":false,"showSkybox":true,"showFlares":true,"showImageEffects":true,"showParticleSystems":true},"in2DMode":false,"pivot":{"x":-7.0,"y":2.9800000190734865,"z":0.4999999701976776},"rotation":{"x":-0.09511471539735794,"y":0.2118479609489441,"z":-0.02072088047862053,"w":-0.9724424481391907},"size":4.443606853485107,"orthographic":false}