{"cameraMode":{"drawMode":0,"name":"Shaded","section":"Shading Mode"},"sceneLighting":false,"audioPlay":false,"sceneViewState":{"showFog":true,"showMaterialUpdate":false,"showSkybox":true,"showFlares":true,"showImageEffects":true,"showParticleSystems":true},"in2DMode":false,"pivot":{"x":1.4800000190734864,"y":0.009999999776482582,"z":0.5},"rotation":{"x":-0.7080317735671997,"y":-0.01376702543348074,"z":0.01380837056785822,"w":-0.7059113383293152},"size":2.100107431411743,"orthographic":false}