{"cameraMode":{"drawMode":0,"name":"Shaded","section":"Shading Mode"},"sceneLighting":false,"audioPlay":false,"sceneViewState":{"showFog":true,"showMaterialUpdate":true,"showSkybox":false,"showFlares":true,"showImageEffects":true,"showParticleSystems":true},"in2DMode":false,"pivot":{"x":3.4989891052246095,"y":6.705279350280762,"z":-9.963179588317871},"rotation":{"x":-0.20012132823467256,"y":0.3364824652671814,"z":-0.07341240346431732,"w":-0.9172477722167969},"size":22.0,"orthographic":false}