{"cameraMode":{"drawMode":0,"name":"Shaded","section":"Shading Mode"},"sceneLighting":false,"audioPlay":false,"sceneViewState":{"showFog":false,"showMaterialUpdate":false,"showSkybox":false,"showFlares":false,"showImageEffects":false,"showParticleSystems":false},"in2DMode":false,"pivot":{"x":2.5080130100250246,"y":0.052000001072883609,"z":-0.7887978553771973},"rotation":{"x":-0.1806572824716568,"y":0.040408600121736529,"z":-0.007428711745887995,"w":-0.9826893210411072},"size":2.869931697845459,"orthographic":false}