{"cameraMode":{"drawMode":0,"name":"Shaded","section":"Shading Mode"},"sceneLighting":false,"audioPlay":false,"sceneViewState":{"showFog":true,"showMaterialUpdate":true,"showSkybox":false,"showFlares":true,"showImageEffects":true,"showParticleSystems":true},"in2DMode":false,"pivot":{"x":7.088944435119629,"y":10.895097732543946,"z":6.5491743087768559},"rotation":{"x":-0.06830821931362152,"y":0.9229129552841187,"z":-0.32575133442878725,"w":-0.19352923333644868},"size":2.9745171070098879,"orthographic":false}