{"cameraMode":{"drawMode":0,"name":"Shaded","section":"Shading Mode"},"sceneLighting":false,"audioPlay":false,"sceneViewState":{"showFog":true,"showMaterialUpdate":true,"showSkybox":true,"showFlares":true,"showImageEffects":true,"showParticleSystems":true},"in2DMode":false,"pivot":{"x":0.920166015625,"y":0.8865518569946289,"z":0.07484245300292969},"rotation":{"x":-0.38423335552215578,"y":0.15994475781917573,"z":-0.06777602434158325,"w":-0.9067489504814148},"size":14.21594524383545,"orthographic":false}