{"cameraMode":{"drawMode":0,"name":"Shaded","section":"Shading Mode"},"sceneLighting":false,"audioPlay":false,"sceneViewState":{"showFog":true,"showMaterialUpdate":true,"showSkybox":false,"showFlares":true,"showImageEffects":true,"showParticleSystems":true},"in2DMode":false,"pivot":{"x":3.7515406608581545,"y":1.835479736328125,"z":-4.590025901794434},"rotation":{"x":-0.20012132823467256,"y":0.3364824652671814,"z":-0.07341240346431732,"w":-0.9172477722167969},"size":14.14565372467041,"orthographic":false}