{"cameraMode":{"drawMode":0,"name":"Shaded","section":"Shading Mode"},"sceneLighting":false,"audioPlay":false,"sceneViewState":{"showFog":true,"showMaterialUpdate":true,"showSkybox":true,"showFlares":true,"showImageEffects":true,"showParticleSystems":true},"in2DMode":false,"pivot":{"x":3.2581441402435304,"y":1.2534773349761963,"z":-1.5556108951568604},"rotation":{"x":-0.14494076371192933,"y":-0.1560336947441101,"z":0.02315340004861355,"w":-0.9767948389053345},"size":2.5782318115234377,"orthographic":false}