{"cameraMode":{"drawMode":0,"name":"Shaded","section":"Shading Mode"},"sceneLighting":false,"audioPlay":false,"sceneViewState":{"showFog":false,"showMaterialUpdate":false,"showSkybox":false,"showFlares":false,"showImageEffects":false,"showParticleSystems":false},"in2DMode":false,"pivot":{"x":-1.0000007152557374,"y":0.8320002555847168,"z":4.496999740600586},"rotation":{"x":-0.13780945539474488,"y":-0.02911774255335331,"z":0.004053113516420126,"w":-0.9900231957435608},"size":4.638263702392578,"orthographic":false}