{"cameraMode":{"drawMode":0,"name":"Shaded","section":"Shading Mode"},"sceneLighting":false,"audioPlay":false,"sceneViewState":{"showFog":true,"showMaterialUpdate":true,"showSkybox":false,"showFlares":true,"showImageEffects":true,"showParticleSystems":true},"in2DMode":false,"pivot":{"x":0.9820141792297363,"y":2.5577852725982668,"z":0.4519892930984497},"rotation":{"x":-0.15321293473243714,"y":-0.4320622682571411,"z":0.0747479721903801,"w":-0.885593056678772},"size":2.733910322189331,"orthographic":false}