{"cameraMode":{"drawMode":0,"name":"Shaded","section":"Shading Mode"},"sceneLighting":false,"audioPlay":false,"sceneViewState":{"showFog":false,"showMaterialUpdate":false,"showSkybox":false,"showFlares":false,"showImageEffects":false,"showParticleSystems":false},"in2DMode":false,"pivot":{"x":3.309007167816162,"y":0.625,"z":-0.019211435690522195},"rotation":{"x":-0.13780945539474488,"y":-0.02911774255335331,"z":0.004053113516420126,"w":-0.9900231957435608},"size":5.24507999420166,"orthographic":false}