{"cameraMode":{"drawMode":0,"name":"Shaded","section":"Shading Mode"},"sceneLighting":false,"audioPlay":false,"sceneViewState":{"showFog":true,"showMaterialUpdate":true,"showSkybox":false,"showFlares":true,"showImageEffects":true,"showParticleSystems":true},"in2DMode":false,"pivot":{"x":0.00146484375,"y":0.7371312975883484,"z":0.0008817911148071289},"rotation":{"x":-0.1276031732559204,"y":-0.4888419508934021,"z":0.07253526151180268,"w":-0.8599439263343811},"size":1.9499609470367432,"orthographic":false}