{"cameraMode":{"drawMode":0,"name":"Shaded","section":"Shading Mode"},"sceneLighting":false,"audioPlay":false,"sceneViewState":{"showFog":true,"showMaterialUpdate":true,"showSkybox":true,"showFlares":true,"showImageEffects":true,"showParticleSystems":true},"in2DMode":false,"pivot":{"x":-3.3376333713531496,"y":0.5094449520111084,"z":0.46944332122802737},"rotation":{"x":-0.1154048889875412,"y":-0.050043895840644839,"z":0.005822150502353907,"w":-0.9920490980148315},"size":3.6432366371154787,"orthographic":false}