{"cameraMode":{"drawMode":0,"name":"Shaded","section":"Shading Mode"},"sceneLighting":false,"audioPlay":false,"sceneViewState":{"showFog":true,"showMaterialUpdate":true,"showSkybox":false,"showFlares":true,"showImageEffects":true,"showParticleSystems":true},"in2DMode":false,"pivot":{"x":2.5398364067077638,"y":0.542212188243866,"z":3.627727508544922},"rotation":{"x":-0.3890875279903412,"y":-0.06844253093004227,"z":0.02900361455976963,"w":-0.9182057976722717},"size":9.360075950622559,"orthographic":false}